{
  "loss": [
    0.426521897315979,
    0.40661805868148804,
    0.388010174036026,
    0.3710813522338867,
    0.35443931818008423,
    0.3376229405403137,
    0.3163444399833679,
    0.29503896832466125,
    0.27624741196632385,
    0.25879552960395813,
    0.24216221272945404,
    0.22806623578071594,
    0.21530498564243317,
    0.2030026763677597,
    0.19120000302791595,
    0.18001504242420197,
    0.1694188416004181,
    0.159856379032135,
    0.1515314131975174,
    0.14368082582950592,
    0.13619579374790192,
    0.12909945845603943,
    0.12251618504524231,
    0.11631419509649277,
    0.11046161502599716,
    0.10493792593479156,
    0.09971769154071808,
    0.09477106481790543,
    0.09022942185401917,
    0.08573027700185776,
    0.08126775920391083,
    0.07708874344825745,
    0.07301853597164154,
    0.06903290003538132,
    0.06511905789375305,
    0.061270393431186676,
    0.05748635530471802,
    0.05378298833966255,
    0.05038071051239967,
    0.04708654433488846,
    0.04390915483236313,
    0.04085831344127655,
    0.03794386237859726,
    0.03517502173781395,
    0.0325595997273922,
    0.03010343760251999,
    0.027809930965304375,
    0.025679945945739746,
    0.023711612448096275,
    0.021900536492466927,
    0.02024008333683014,
    0.018721751868724823,
    0.017335647717118263,
    0.016071045771241188,
    0.014916881918907166,
    0.013862268067896366,
    0.012896902859210968,
    0.012011387385427952,
    0.011197407729923725,
    0.010447869077324867
  ],
  "n_iter": 60,
  "best_validation_score": -Infinity,
  "out_activation": "identity"
}