{
  "fixed": 0.01,
  "percentile_95": 42.57734298706055,
  "f1_optimum": {
    "threshold": 4277.799025339098,
    "precision": 1.0,
    "recall": 1.0,
    "f1": 1.0
  }
}