y_true,score,y_pred
1,97.29345,1
1,79.3979,1
0,338.8666,1
1,86.40341,1
